Date,Interest_Income,Interest_Expense,Average_Earning_Assets,Net_Income,Total_Assets,Shareholder_Equity,Operating_Expenses,Operating_Income,Market_Share,Stock_Price
1/3/2022,2121958,773237,55001045,1572212,95404302,23496605,811672,3494178,24,128
1/4/2022,2671155,518070,54463418,1336326,86440010,24948600,1030817,3231496,20,63
1/5/2022,2131932,797921,59771802,1224137,88674163,26416438,1345961,3692148,22,196
1/6/2022,2365838,556958,54345760,1452268,97221407,29694095,1289921,4779685,14,177
1/7/2022,2259178,1746222,57153768,3858336,98279553,25311499,1432303,4764985,10,103
1/10/2022,2644167,510729,53251298,1297881,83486669,20308623,1320399,4897501,21,197
1/11/2022,2110268,730785,54465150,1363476,94994515,23647371,1106140,3560315,20,78
1/12/2022,2732180,676089,58389012,1351707,83722946,23296903,769286,3879979,26,73
1/13/2022,2054886,697392,57249903,1684733,89874813,29579010,793269,3173921,13,131
1/14/2022,2137337,658823,54897590,1510585,91254507,25998223,958635,4935135,24,112
1/18/2022,2999890,999616,56189573,1691757,80224695,21147116,774071,3673218,18,154
1/19/2022,2521430,605864,51323483,1390719,91370075,23772763,1150542,4788098,29,106
1/20/2022,2954698,893002,51722320,1479361,94063918,26478450,921095,3603291,28,185
1/21/2022,2087498,709141,52332517,1101371,95388755,20310375,1213317,3707755,28,111
1/24/2022,2899159,998863,53196340,1562997,89799314,22126453,730651,3564046,21,66
1/25/2022,2912756,867654,58551881,1192192,83340216,21271300,770202,3316456,14,115
1/26/2022,2175203,554748,55387408,1150322,93245696,25238631,748777,4379390,19,55
1/27/2022,2191335,505801,55692493,1021172,81847865,23842411,848066,4034262,26,107
1/28/2022,,650262,58247752,,94921595,26310208,890706,3082279,14,118
1/31/2022,2041090,942905,51087341,1996121,94568974,29404024,1324446,3015434,25,111
2/1/2022,2329365,735362,56195200,1577564,95674529,26127764,1497232,3719407,16,131
2/2/2022,2064820,944209,53977266,1581780,89308092,25859046,1463935,3440991,18,120
2/3/2022,2787201,529592,55558956,1708362,84017136,26034207,1026022,3337913,12,180
2/4/2022,2321879,772791,53031756,1513319,93869848,27940879,980852,4818618,24,59
2/7/2022,2718315,639788,50843523,1780298,97122071,23341861,1368179,3328821,25,147
2/8/2022,2327069,719963,58934845,1876031,85750283,27359201,1430265,3083555,27,138
2/9/2022,2776997,980761,54040479,1989859,81074961,22615804,1288158,4701243,23,84
2/10/2022,2199041,748710,50092193,1222320,91950571,24312717,1233571,4789856,12,51
2/11/2022,2791743,720984,51186887,1417978,99155151,21982243,1385933,4812375,21,173
2/14/2022,2103355,872771,58896761,1011046,97911322,23413654,1124149,3176806,18,73
2/15/2022,2235796,832460,53334817,1228071,92866619,25986417,1230062,4936673,16,123
2/16/2022,2214176,758067,52715514,1378165,82474968,27863020,903127,4530295,18,71
2/17/2022,,764512,52658571,,86166160,23270209,842055,3433819,22,88
2/18/2022,2347449,1732725,54834357,3417324,93569332,28604008,1320756,4518500,27,69
2/22/2022,2421909,768799,57102173,1416366,82442266,27323988,1225069,3999430,14,90
2/23/2022,2989436,2212647,54892472,3971502,84437677,23324664,814586,3068803,22,197
2/24/2022,2258795,570031,50481680,1266997,93793267,28210880,1149916,4481124,13,157
2/25/2022,2486232,969645,55165679,1645188,89607366,23594058,989768,4926711,11,196
2/28/2022,2917040,984299,56180142,1482615,85241218,24584258,1231111,3807744,25,133
3/1/2022,2500186,587922,55287118,1415008,85481140,28117654,1242777,3748736,18,160
3/2/2022,,948982,54100673,,84981262,24212377,871033,4526318,18,115
3/3/2022,2870910,624046,51534026,1761379,85290717,29633233,1212880,3699539,15,102
3/4/2022,2384681,906619,58704434,1205550,80518349,20233782,991262,4775378,20,83
3/7/2022,2149503,532097,53467366,1244883,99659206,26906117,800417,3245404,10,199
3/8/2022,2654811,971873,50327359,1638418,80797968,26112674,781816,3642249,13,116
3/9/2022,2527035,642038,50317537,1460514,82655971,24809109,1377623,4351099,22,183
3/10/2022,2648143,624862,56953757,1949491,95999496,23735466,975709,3017297,22,76
3/11/2022,2452366,730229,50550222,1671210,99651515,21583246,1375714,3788443,22,59
3/14/2022,2065725,618834,54975026,1929616,87339838,20726331,874023,4557922,11,122
3/15/2022,2129981,593848,57795134,1121789,93236949,21794291,1247936,4168810,18,145
3/16/2022,,552921,52573619,,96520181,26353385,1143945,3568302,17,97
3/17/2022,2953277,680798,52453752,1700780,94467188,24952075,741971,4816030,16,119
3/18/2022,2905778,626141,59752741,1563178,98581889,23898606,718658,3929242,13,149
3/21/2022,2591723,681372,57265760,1066017,82938199,22878117,721253,4929341,27,108
3/22/2022,2319030,784821,51353038,1178376,95286855,24481617,1157382,4227146,12,51
3/23/2022,2328947,555609,58639483,1688281,88998604,27374626,879635,3783152,15,114
3/24/2022,2555839,2183691,54657693,2998274,84909776,25287913,857462,3797552,21,132
3/25/2022,2902648,949877,54264694,1656884,96355399,23733149,1050808,4558309,21,59
3/28/2022,2273538,531024,50707689,1624712,95724308,25316741,1406938,4974847,17,102
3/29/2022,2331236,570313,51296516,1801480,89167121,22804802,910097,4333572,10,128
3/30/2022,,889957,59945225,,83303389,24157263,1328138,4389959,13,108
3/31/2022,2565894,684078,53463351,1693264,88025407,24488198,1362212,4442721,20,199
4/1/2022,2489492,857429,59653648,1841344,94501229,29515406,1220498,4781423,12,97
4/4/2022,2256840,908554,51854971,1558296,93476005,22733460,926058,3511603,22,198
4/5/2022,2473254,961243,59038807,1393276,91167263,27084609,1357911,3615863,26,172
4/6/2022,2349457,985988,51849396,1730026,83151882,26216538,1285289,4043659,19,71
4/7/2022,2665987,613632,52691276,1607847,83210016,24115362,880231,3507365,21,149
4/8/2022,2270936,973351,59017469,1055337,86737320,21252557,822775,4667904,24,147
4/11/2022,,912724,52526954,,82389383,21490687,1257531,4197086,19,74
4/12/2022,,751451,56549546,,96941269,29311768,1377160,4228163,23,77
4/13/2022,2205041,503051,58007407,1024354,94464087,24057025,1019972,4578608,22,162
4/14/2022,2698361,679819,57385034,1045186,85282379,25272864,961716,4787756,14,94
4/15/2022,2731912,876836,57063410,1552433,89825144,23788963,1100455,4484209,15,117
4/18/2022,2417113,980358,59050222,1427236,82542637,23874910,968854,4022788,11,56
4/19/2022,2068148,587235,58001482,1610411,88033951,23368045,1114600,4973149,26,98
4/20/2022,2777089,947237,59055605,1499883,91779534,25185773,871918,3828791,13,186
4/21/2022,2648531,697484,51072647,1730546,84158549,24832691,919055,4723735,23,132
4/22/2022,,689407,51631107,,89734816,20968616,1000135,3360890,19,178
4/25/2022,,949395,59417063,,90167207,24217733,1434417,3749122,12,187
4/26/2022,2678843,925309,55106563,1613217,88411039,27914520,1100187,3645194,12,122
4/27/2022,2910790,962894,58234679,1285195,96052465,29639564,1122355,3201260,24,95
4/28/2022,2572843,711810,56463768,1575762,89035616,21490036,908139,4793795,15,155
4/29/2022,2256508,932950,59694402,1616036,88962049,22869729,780257,3777881,26,81
5/2/2022,2803591,703687,55606594,1125995,92851424,27585159,1177958,4811610,21,55
5/3/2022,2896942,573523,51950367,1245690,88284960,27179156,706530,4580461,29,194
5/4/2022,2106530,736175,51910705,1331770,98827165,29454531,973260,3833525,20,123
5/5/2022,2604365,594476,51601596,1793392,88388512,28944718,1290082,4479018,13,163
5/6/2022,2822352,733841,53791481,1428988,98045516,29352771,910545,4251775,15,76
5/9/2022,2460337,779163,55123122,1939024,81947763,27904428,1357258,3376794,10,103
5/10/2022,2724839,845757,57757202,1180553,87654502,24202271,1228423,4533161,29,134
5/11/2022,2805889,2168598,56348564,3121392,83882149,24042879,1071616,4781298,25,176
5/12/2022,2459773,586672,54150276,1880438,88439469,22322523,1178336,4730353,24,160
5/13/2022,2208261,573847,55723601,1259568,95941617,29601869,1475158,3936197,26,64
5/16/2022,2764469,844894,55354075,1319278,84845710,24746771,1313375,4521466,17,181
5/17/2022,2341097,710706,55279548,1151563,89109609,28640145,1420391,3383100,21,142
5/18/2022,2315139,528251,52382357,1656701,94689142,21756124,979215,3115598,19,172
5/19/2022,2171829,603481,57904069,1699983,92907824,20841531,720074,3250100,24,122
5/20/2022,2271836,874710,52245131,1614615,95538122,20864645,1446084,3782877,18,196
5/23/2022,2438974,525945,54246049,1393554,94391234,21428127,1292131,3708521,11,141
5/24/2022,,2558988,58480473,,81443717,25130076,739901,3776676,14,66
5/25/2022,2202283,532217,55455770,1143326,84409352,28859690,973349,3133241,15,92
5/26/2022,2196769,508308,51072200,1707220,95329502,24254849,1492338,4788028,16,170
5/27/2022,2561353,768093,52906158,1011344,89594271,27574587,1095807,4201700,10,90
5/31/2022,2223165,683062,51222869,1394966,88421928,26515350,1287275,4513641,16,88
6/1/2022,2623587,2683098,53125354,3944520,96241927,28336900,1042829,4253499,29,162
6/2/2022,2950110,720552,59818159,1592245,88752967,21615777,1072598,3008036,21,160
6/3/2022,2535822,600235,54782883,1105423,93526705,23512664,1067631,4604642,25,96
6/6/2022,2487879,574740,56501632,1320197,81308507,20973181,1278688,3945238,25,112
6/7/2022,2564685,878496,59302640,1464071,89331795,21491633,856222,4202821,20,159
6/8/2022,2782038,828761,53982588,1671256,95086909,29922462,731852,4734339,13,118
6/9/2022,2353531,725913,58083123,1186833,92382318,22061774,1213012,3983825,22,92
6/10/2022,2263160,779040,59956046,1717912,89986298,22790358,1077501,3202747,16,83
6/13/2022,2579879,892942,56160686,1775435,80100734,23860562,1343340,4972424,13,89
6/14/2022,2220884,677247,59306167,1077454,88546310,26976610,756481,3543088,24,110
6/15/2022,2023247,638877,50635605,1257594,99628490,21765524,1487715,4336092,28,111
6/16/2022,2024300,505237,57479821,1511897,98003027,21250632,733691,4372236,18,107
6/17/2022,,520056,54583897,,83081091,26210715,1094341,4855546,20,124
6/21/2022,2607086,676615,59203739,1909164,96002437,28526086,898137,3850350,17,65
6/22/2022,2533556,687628,57413718,1516142,91091989,23243087,1250458,3932477,10,131
6/23/2022,2348951,1843644,50067661,3890878,98645886,20909711,1232726,4381875,17,143
6/24/2022,2274329,873632,56859991,1037641,92681730,23711584,1371514,3755600,22,97
6/27/2022,,634415,57585153,,87265406,26913283,1101220,4108076,13,187
6/28/2022,2742139,906716,55914988,1856774,92735272,21619715,1496184,3167647,17,131
6/29/2022,2432315,946438,56558221,1369040,84755469,22590310,755426,3236527,12,87
6/30/2022,2926075,529375,51307506,1667542,95053770,26314768,939968,3435477,18,176
7/1/2022,2516588,1922202,52901614,3224242,87974411,29349220,988963,4683523,11,68
7/5/2022,2236584,516964,52966422,1318420,94150540,28324454,1195384,3552004,11,112
7/6/2022,2562332,613429,53708654,1281685,91666968,28815995,1221121,4445028,22,126
7/7/2022,2837646,752764,57315436,1880889,99739948,26726451,855289,4457640,24,180
7/8/2022,2978732,690710,50118033,1475526,81992825,28064220,961501,3002352,21,151
7/11/2022,2376896,966882,59018873,1044813,83832978,21544613,1219165,3133004,13,114
7/12/2022,2048984,716139,55872354,1692558,86152941,21297638,919780,3862881,17,169
7/13/2022,2302918,567215,51215502,1664180,84115811,27134897,995138,4581420,18,140
7/14/2022,2264712,831186,59810404,1286214,88983212,27748670,1370396,3786261,14,57
7/15/2022,2120151,644356,52319049,1987272,90438535,22430525,1432635,4397556,29,122
7/18/2022,2455808,703861,56292518,1928626,99951324,27439103,797756,3660858,27,183
7/19/2022,2985067,977880,57587768,1342703,82731638,22456070,1142632,3731478,20,156
7/20/2022,2133767,855612,53720464,1204615,97041716,28878234,795665,3050098,24,138
7/21/2022,2648663,954605,52192614,1476657,90556086,20288859,1356005,3981890,18,88
7/22/2022,2703550,509435,50770173,1566074,99753247,25008341,862002,3374313,26,162
7/25/2022,2136330,947556,55642264,1750294,82903633,24749766,961691,3664929,21,77
7/26/2022,2480754,675150,50467010,1755164,81940369,21546236,1306123,3247199,16,146
7/27/2022,2301648,840976,51655016,1399953,88127125,28982913,822232,3126060,19,86
7/28/2022,2688519,551293,54221038,1822494,97994276,24257341,1442849,4236530,19,186
7/29/2022,2013986,2967591,59312483,3943482,97808735,23759834,1145358,4774329,22,131
8/1/2022,2586146,578781,58376430,1838003,94672183,22627988,943051,3130544,28,105
8/2/2022,2129312,691475,53880993,1287654,84678714,25477093,857547,3524628,20,134
8/3/2022,2012666,660196,52568103,1281570,88109698,28592974,1112104,3699309,22,51
8/4/2022,2300804,726507,58469872,1037265,94609307,20502420,1268020,3606590,17,107
8/5/2022,2134633,806063,58411883,1935354,98167497,25529046,1436983,3979947,17,156
8/8/2022,2288998,739833,56482532,1249321,82322466,21679161,1008449,3747028,13,172
8/9/2022,2850937,752377,55196467,1066150,87778748,29426807,1401397,3467243,24,163
8/10/2022,2628776,666319,55952793,1611600,88099932,20660902,1233634,3524426,20,156
8/11/2022,2707611,621172,58961343,1089613,98628533,27562116,1487019,3393574,20,86
8/12/2022,2284806,856902,52000609,1337054,81946830,21538112,712763,4692483,10,128
8/15/2022,2794824,984963,59301434,1838807,99391366,21726676,890237,3468466,26,141
8/16/2022,2030535,955968,52697143,1121826,87238987,29758681,1462841,3871808,24,67
8/17/2022,2996107,818717,59251130,1559723,89957168,21685996,1129332,4672795,29,147
8/18/2022,2375713,559101,59192300,1882875,84660061,23246417,1345275,4996734,15,112
8/19/2022,2838688,995972,59549765,1450348,82605214,29091044,916823,3156951,24,199
8/22/2022,2351279,788790,51314532,1210017,87923641,21352144,791353,3867964,18,188
8/23/2022,,866329,50421240,,82229180,21551330,921373,3842210,23,53
8/24/2022,,523049,50944789,,90717207,20971248,1057792,3562060,27,184
8/25/2022,2601661,710677,52213573,1490457,95540627,24657851,1249844,4107054,26,110
8/26/2022,,860260,58914501,,96169764,26695306,1242387,4506145,27,156
8/29/2022,2647972,859523,52255363,1809942,89384451,25378750,1071233,3551050,14,103
8/30/2022,2489570,568385,58375741,1733547,84188891,22607411,876168,4192931,29,137
8/31/2022,2456551,626131,55056861,1696358,96541035,21693439,1427346,4767858,29,117
9/1/2022,2273109,933374,56436446,1450062,89014653,21831094,1368590,3694780,18,178
9/2/2022,2024538,696489,54148887,1094071,94064147,23437172,1122225,3842000,20,104
9/6/2022,2894498,523289,59595702,1793072,84495511,29447933,902041,3871522,10,52
9/7/2022,,872370,59057014,,98202161,26919875,733866,4855227,27,170
9/8/2022,2491234,862937,53668866,1841052,82363999,25923361,805400,3843601,15,178
9/9/2022,2899684,771967,54612338,1146389,89109096,21963571,1039119,4542247,11,151
9/12/2022,2139182,691232,51033255,1639896,84790691,25542511,1135071,3599253,24,87
9/13/2022,2472525,804119,57082212,1269708,89852415,28985826,1043701,3177912,23,134
9/14/2022,2158338,509540,58202787,1682705,99869411,23815144,837488,3175767,14,182
9/15/2022,,516364,54989847,,97066318,23436252,1296804,3236281,15,141
9/16/2022,2214020,897827,58929285,1254444,89725345,20817052,886987,3084754,15,70
9/19/2022,2623094,527663,57643603,1603561,96722851,27596585,1111274,3602276,27,158
9/20/2022,2924414,551991,53094235,1861291,94561193,26269324,1133934,4500134,23,96
9/21/2022,2897421,688751,59560067,1211837,91186361,21428080,994746,3507732,19,133
9/22/2022,,866326,55986126,,84443778,29490536,1167874,3150023,23,132
9/23/2022,2645914,662049,52859653,1991542,80260116,22521279,1171328,4705243,22,84
9/26/2022,2119176,594704,50387952,1123618,86086368,27503888,889139,3080388,12,118
9/27/2022,2917710,549115,51030117,1969897,91006745,26119848,858588,4925776,15,178
9/28/2022,2218126,853151,52896818,1459297,91950831,22726016,1353583,4870436,17,189
9/29/2022,2218969,719295,52357821,1125341,81257949,21244289,1312257,3239779,21,76
9/30/2022,2122409,691962,58913742,1815862,93607851,20442939,1356449,3878453,22,105
10/3/2022,2547707,697459,55584263,1730892,91360589,29440815,905735,3904850,20,72
10/4/2022,2968140,649143,50244761,1552076,85538166,23282972,1365847,3206846,21,70
10/5/2022,2253618,690347,58386180,1750865,92122948,28692832,962299,3694335,10,110
10/6/2022,2769598,965585,50064323,1441759,80388076,24414473,823950,4035354,26,112
10/7/2022,2050015,511938,51237715,1931423,95648245,22711793,1029638,4180788,25,171
10/11/2022,,928411,58040979,,95300411,22319124,1300517,4990922,20,101
10/12/2022,2122096,853824,50954480,1882554,85540070,23923227,804648,4861429,22,137
10/13/2022,2631347,504000,56681134,1564262,86491878,22073290,738547,3788140,27,104
10/14/2022,2185340,701660,50854016,1893741,95830160,22518970,1253083,4969710,20,95
10/17/2022,,863186,55347417,,81960826,23889877,886368,4461387,21,81
10/18/2022,2874371,855754,59253517,1831516,82844664,21727408,1245735,4648885,15,104
10/19/2022,2411357,751492,55809701,1422845,82613275,22801742,1391958,4207956,18,145
10/20/2022,2735716,865835,59439101,1706544,81378369,21055675,1446111,4093365,25,182
10/21/2022,2105878,999522,58671370,1324060,82090212,26016854,956190,3026086,13,85
10/24/2022,,991072,59993726,,85230852,27436754,906402,4327579,12,159
10/25/2022,2973548,538304,52883427,1193259,90630592,20965188,952419,3531972,25,155
10/26/2022,2198286,831593,51416012,1275128,80152999,22161088,1454105,4139664,21,107
10/27/2022,2773290,582986,55752810,1819471,84600108,28018006,1279365,3394423,20,88
10/28/2022,2774684,982859,50571650,1609719,91393942,22320484,812782,4618963,14,129
10/31/2022,2164899,1955508,54476576,3740246,82854190,24105223,1327220,3590381,27,146
11/1/2022,2973324,608940,58774533,1845038,81284382,20487510,1143316,4209337,28,162
11/2/2022,2324767,979243,52863793,1403832,87196042,26354986,1072013,3835083,15,110
11/3/2022,2999238,800638,54909047,1889097,83853321,27609964,1010925,4586757,27,186
11/4/2022,2861882,765517,56881289,1629661,93676226,25795250,886339,4539600,15,55
11/7/2022,2879858,643233,57422212,1181144,99432053,24055447,1175595,4639282,13,158
11/8/2022,2379989,597532,53757974,1811006,91872847,21673879,1117168,4173650,21,84
11/9/2022,2415515,854802,58791689,1920934,97819593,21780752,798696,3889497,28,88
11/10/2022,2043585,885777,57211179,1250195,94882396,23293331,1203650,3130351,11,199
11/14/2022,2371369,600386,58767500,1143748,84577033,23764455,750939,4763947,26,167
11/15/2022,2064044,527350,54199591,1404032,83257181,27253817,1411886,3038635,20,54
11/16/2022,2960061,593008,55500545,1032733,85154048,24335518,841521,3973619,20,136
11/17/2022,2442296,856441,58291923,1741040,97700996,28791690,1274578,4143647,25,125
11/18/2022,2109556,525351,53154240,1526338,88361735,28589747,1035098,3995909,11,106
11/21/2022,2526981,588668,59045310,1109996,94048203,25222798,1292278,4514494,11,176
11/22/2022,2881691,614585,57796324,1558221,95686144,23904722,1283098,3864950,17,78
11/23/2022,2767595,2725563,58112074,3098478,90856760,25215622,1342650,4416953,22,136
11/25/2022,2200235,837497,52190222,1556701,92796479,26879771,1176513,3890083,19,190
11/28/2022,2025939,707869,52719269,1165873,95275987,29596394,846295,3597093,17,95
11/29/2022,,565953,57235574,,98720027,28481209,1165453,3421280,13,165
11/30/2022,2960445,819602,55672354,1950417,97075306,23175684,1357957,3909245,24,161
12/1/2022,2152906,782502,55205597,1899005,88705956,20629085,1421037,3341207,10,94
12/2/2022,2542335,503267,55284958,1433816,89714891,29906695,964803,4313174,20,194
12/5/2022,2288249,582745,50786667,1713135,82320688,26071845,786516,4331598,16,153
12/6/2022,,851732,59742257,,81805808,22518638,774567,4230746,26,134
12/7/2022,2408923,800657,51712503,1785332,89709175,20603103,826498,3193226,29,183
12/8/2022,2415192,657164,53609736,1745453,84220459,21989968,1402098,4192639,27,157
12/9/2022,2568550,511338,58060833,1767950,84536119,25303943,1164894,3592632,21,67
12/12/2022,2387261,631484,56638155,1166472,84654798,25497191,1236397,4939954,18,143
12/13/2022,2810208,507543,51384418,1397710,94829445,21257008,984154,3560881,14,199
12/14/2022,2685440,868035,50386594,1211760,91666027,26473507,1495219,3560592,19,82
12/15/2022,2652664,926712,52869760,1122744,83622138,27437693,1463760,4472178,13,175
12/16/2022,2984346,1682076,51092501,3751726,90929084,25137997,839544,4759156,14,171
12/19/2022,2454589,720156,55238331,1730051,92617619,27270518,946183,4162189,19,187
12/20/2022,2137848,723992,58525631,1501946,97715057,25511934,1378743,4773274,20,164
12/21/2022,2617075,806569,51135964,1043001,89955661,28173321,1023853,4536081,19,77
12/22/2022,2127948,538756,59872232,1591652,90305153,27899284,1163001,3414299,17,60
12/23/2022,2579304,518888,52155748,1911420,99621156,21003171,1468613,4591218,11,96
12/27/2022,2402690,666807,53925282,1831460,81207068,27214938,734518,3284334,17,176
12/28/2022,,2428317,50873172,,81386980,22900737,753909,4579006,25,196
12/29/2022,2451269,614352,58910852,1753019,97985268,21370485,1424984,3421614,14,167
12/30/2022,2021959,845186,55655378,1430789,91244602,27045900,1215693,4231619,12,192
1/3/2023,2660890,585999,54873594,1656166,95702852,21681076,1239570,4876870,21,175
1/4/2023,,517955,54063309,,87500960,28501598,1178082,4757346,22,121
1/5/2023,2905533,799985,56941245,1711998,90781901,25312399,939017,4199151,22,156
1/6/2023,2790180,570640,59451244,1652589,83040267,20981883,1114994,3125438,19,186
1/9/2023,2228576,696582,57817304,1912727,89685684,21668321,1152891,4621320,13,82
1/10/2023,2537833,928127,50829735,1499722,94321905,23293705,1491507,4673031,18,68
1/11/2023,,952247,57021862,,97958103,26154512,1169164,4917043,11,123
1/12/2023,,719798,58351245,,87536765,29888679,1403814,4022892,28,147
1/13/2023,2165838,900573,55282591,1735457,92103896,23759505,728365,3794448,10,190
1/17/2023,2335674,925695,57483058,1179352,98673436,28415414,1165982,3264528,16,178
1/18/2023,2879989,561476,52562469,1810694,83138744,25418952,1141416,4241968,26,142
1/19/2023,2061087,806955,53086176,1866867,88535078,24609688,973146,3408288,12,97
1/20/2023,2593128,667280,56509590,1193283,86935774,24264423,976091,3102239,29,113
1/23/2023,2118451,651222,55345854,1972346,98144439,28181883,910294,3635719,29,110
1/24/2023,2447600,571180,57490200,1915015,99205297,28306681,816219,4915026,12,88
1/25/2023,2837437,674358,54883680,1450195,92033451,27170837,1040754,4613374,12,177
1/26/2023,2439792,612856,53681262,1769884,84273445,21519603,1280595,3704293,26,137
1/27/2023,2039353,830594,54633078,1998974,83184790,21750740,835565,3808258,16,75
1/30/2023,2193075,914568,52609089,1431413,93926188,20863403,1479383,3330170,23,66
1/31/2023,2214283,686141,52508749,1303988,92529971,29268511,1012229,3121668,26,120
2/1/2023,2314877,874032,50914228,1326898,86681935,20885421,1258516,3766988,27,62
2/2/2023,2065318,610448,50953959,1951661,89963441,24278384,1435036,4467310,22,118
2/3/2023,2765313,514397,57905477,1863561,86689142,25495671,1124871,3548333,29,75
2/6/2023,2482690,934771,53369538,1302186,84990961,20978836,1267760,3181948,29,98
2/7/2023,2416880,678031,50345266,1061665,83646804,23223522,837888,3485662,27,56
2/8/2023,2591460,893944,59927209,1246584,80647296,22217181,777175,3614390,13,107
2/9/2023,2740976,943733,54537358,1116953,98326518,28568438,1288595,3314063,10,98
2/10/2023,2781239,619180,59496563,1476072,83122951,21556518,1008877,4672305,27,152
2/13/2023,2093264,566234,56867100,1682736,80800101,22659083,795028,4206751,10,102
2/14/2023,2770746,539954,55275034,1186626,84100612,24113640,1209666,3249877,22,111
2/15/2023,2813168,678352,57553974,1145271,90348014,24500398,842312,3953692,29,66
2/16/2023,2225281,579459,59803005,1118533,89353526,29625105,1191450,4185493,29,74
2/17/2023,2637147,909995,56097091,1998916,88885366,24877708,792493,3217770,19,180
2/21/2023,2898613,695004,53177993,1968452,95292361,29935869,825149,3642613,20,78
2/22/2023,,966152,57705092,,88121757,27880317,1453704,4592201,18,166
2/23/2023,2352228,917682,57583354,1465966,88417233,29254791,902435,3677673,18,75
2/24/2023,,930155,53131209,,82833552,29011501,863834,3944447,14,173
2/27/2023,2269536,700968,59612128,1833032,91820569,28281447,970403,3340093,10,193
2/28/2023,2317824,928486,55813365,1076898,87376519,23895958,881211,4835284,26,74
3/1/2023,2257426,559163,54057893,1455699,81276647,27076042,976993,4361871,11,103
3/2/2023,2177789,975853,55691276,1149369,92431216,28839765,1043912,4983691,22,122
3/3/2023,2513153,551934,55397662,1554736,96040922,21265898,1068252,4022145,18,169
3/6/2023,2742452,2087901,59828366,2576632,85416775,22120539,1017013,4715880,13,105
3/7/2023,,925523,51805468,,88704813,20880412,763095,4887895,14,114
3/8/2023,2125657,2448726,53427975,2015314,99822531,25947148,817886,3605730,20,142
3/9/2023,2235167,954137,56356228,1477602,99921696,23231185,1179926,4098423,28,135
3/10/2023,2681669,505486,58514716,1780977,94497054,27319764,985711,4107229,12,129
3/13/2023,2480671,639407,55525633,1942929,91319247,28706483,735292,4790008,21,157
3/14/2023,2719094,849044,52080154,1944189,93913140,25923098,774813,4826525,28,167
3/15/2023,2070467,626020,52244702,1374999,92494127,21228337,1321424,3318766,28,132
3/16/2023,2183734,602795,53377778,1942082,92006468,20484814,1275919,4338530,22,196
3/17/2023,2622794,720184,55735193,1684191,86851803,28359922,709885,4126418,16,64
3/20/2023,2109751,990419,57726890,1007906,93045697,29614742,885378,4957233,24,180
3/21/2023,2381050,642202,55897498,1323557,94566079,23690583,1027231,3272647,16,188
3/22/2023,2930192,849652,58357956,1578316,85742533,21599908,1122381,3084761,17,79
3/23/2023,2811774,737027,58204298,1793719,82627144,22164412,1160244,4478768,14,106
3/24/2023,2692517,618324,58776957,1295804,82825896,25309792,1274100,4961447,23,195
3/27/2023,2461079,822710,59451337,1468974,84936792,22353847,1405860,3798022,13,177
3/28/2023,2368452,697775,55843493,1846936,95315631,22892478,1172367,4565213,19,97
3/29/2023,2969587,789336,53386501,1715080,90427148,21984117,1020787,3666246,29,185
3/30/2023,2106081,763206,57395350,1627267,84876872,25949852,744900,3930370,24,71
3/31/2023,2983237,584076,54588334,1034701,99517172,20029725,1136162,3328768,27,55
4/3/2023,2613333,589780,58464685,1083300,99397196,29574182,1101067,3688152,29,153
4/4/2023,2558986,652617,57168362,1765537,97498600,29184536,772692,3402980,22,85
4/5/2023,2110078,521689,54327819,1673034,95099203,20888036,1160796,4038336,17,128
4/6/2023,2867055,773318,57284953,1083560,88908385,22971783,1100584,3781198,18,165
4/7/2023,2022671,850605,51255564,1242615,96320131,22662761,1451496,4168932,25,106
4/10/2023,2418400,2664954,58514493,3882756,95165029,26524559,746403,4265804,28,98
4/11/2023,2355528,865177,58930264,1043642,82887698,22513024,1315458,3042727,25,131
4/12/2023,2959611,509348,59059296,1517083,93565381,22398083,1495600,3340615,16,115
4/13/2023,2610490,916930,54424507,1491036,92619233,26536295,1012023,4580932,23,126
4/14/2023,2051663,538102,52792427,1327304,99209809,23909439,759871,3641211,23,94
4/17/2023,2015708,574460,53357679,1804034,92417420,25627745,1182604,4449087,13,128
4/18/2023,2878338,864778,55748035,1365464,84031464,23911146,1191862,3434376,24,69
4/19/2023,,589930,54390020,,87357804,21707017,732174,3011390,12,172
4/20/2023,,506801,52681719,,82887296,20689556,1455111,3631040,14,116
4/21/2023,2318394,603150,50890695,1094377,92977495,27288538,923563,3937635,10,132
4/24/2023,2112547,703339,50838761,1815624,82736582,22253722,837653,4405474,12,52
4/25/2023,2989586,679208,57367664,1832974,81100500,21649729,810155,4386689,24,113
4/26/2023,2910681,654697,58888923,1913447,98353806,21116271,1033997,4718974,17,89
4/27/2023,2559042,713945,55352825,1828952,81961977,23099555,1011822,3969831,13,108
4/28/2023,2751102,731915,59688053,1326916,84032654,25683797,1201608,3749078,11,111
5/1/2023,2762002,703664,58887324,1451978,80664468,21681641,827795,4387784,19,181
5/2/2023,2142483,708124,53321127,1312250,86978140,20516409,788668,3021281,13,109
5/3/2023,2658271,937477,52559272,1605409,94521816,20666165,1437685,3054189,12,165
5/4/2023,2984774,501542,52276106,1025559,91748768,22788363,1369927,3262093,11,124
5/5/2023,2214835,783821,56960534,1892027,93611312,24476321,1173620,4359231,26,171
5/8/2023,2401896,677804,57374592,1558030,83037099,23710388,1463429,4694979,29,156
5/9/2023,2084896,681415,56575716,1856101,92384217,23235192,1320307,4581469,22,145
5/10/2023,2477095,539081,52002324,1997703,84828426,21935090,1253091,3362462,14,140
5/11/2023,2071295,693928,56262105,1677114,88100706,29133790,1373590,3394597,18,179
5/12/2023,2743974,855249,56671318,1135044,98820039,23937270,1373222,3806242,15,111
5/15/2023,2887121,719930,50494592,1857263,97825389,26739013,1136571,4297991,14,98
5/16/2023,2273255,781209,53578226,1112217,88379341,27089975,930147,3679682,19,186
5/17/2023,2299648,714532,56149031,1566161,89890633,28805586,1255083,4090445,17,141
5/18/2023,2657162,588092,52427540,1892964,86579137,21033316,1207820,3557243,16,173
5/19/2023,,2450511,51715630,,90980269,24819075,970914,4634252,16,110
5/22/2023,2466872,789106,50318408,1403119,81912584,24742297,1235381,4814188,15,97
5/23/2023,2825816,528295,58856884,1658380,94178388,23868452,1093409,3010207,29,185
5/24/2023,2374705,513807,58900019,1828187,97002265,28074037,1062455,3218401,12,107
5/25/2023,2571542,935564,53117172,1872388,94846767,21312743,979713,3985132,28,150
5/26/2023,2808350,657504,59272985,1086988,94677441,27420105,1497622,3159292,24,161
5/30/2023,2610269,976501,56304680,1569936,91250117,20104195,1398112,4525842,13,111
5/31/2023,2978217,738067,54235042,1125991,80747419,27008443,1387687,3496762,21,88
6/1/2023,2554594,985008,51898739,1402732,89468532,25276728,1004214,4253733,15,107
6/2/2023,2147718,951070,59617944,1506079,85438684,24101036,1264485,4070607,28,148
6/5/2023,2308987,933478,51017433,1901437,82380932,29727094,1226549,3463937,13,93
6/6/2023,2645263,668152,58104010,1526684,81654753,22165251,857584,3867239,24,78
6/7/2023,,894540,54661029,,93685039,29866460,1048939,3595600,18,108
6/8/2023,2107512,853411,53678086,1936633,88793380,27303693,991077,3584054,14,120
6/9/2023,,666981,51581530,,96673742,23214850,1359738,4192097,22,141
6/12/2023,2470587,720411,52087258,1656951,90104107,27983439,1264871,3351977,27,58
6/13/2023,2373616,519870,54856447,1011303,80571107,28874883,1074226,3187771,14,176
6/14/2023,2657409,927794,58369066,1161633,96064554,28687479,1384393,3237199,25,183
6/15/2023,2686976,703196,56857658,1333863,90905942,28268541,1117216,3998757,28,194
6/16/2023,2365871,748683,50996530,1249690,82086213,29546263,811032,4809595,23,193
6/20/2023,2375037,734677,59159861,1784108,99556715,22949281,906940,3760129,25,180
6/21/2023,2807364,526790,52601623,1099616,90302330,27356061,1004748,3635329,24,70
6/22/2023,2117796,618874,59766854,1910597,91199468,21294929,1161552,3640473,13,113
6/23/2023,2291999,787433,56231219,1086231,88937492,22504594,926727,3177164,16,139
6/26/2023,,948345,54108997,,81999254,21243294,773869,4505463,25,85
6/27/2023,2990198,724786,53364695,1019623,85044842,23567675,1491842,4583214,17,111
6/28/2023,2698376,987462,51045482,1723035,84156532,27711634,1411404,3751518,26,125
6/29/2023,2269544,515485,55786265,1490042,86592910,29285424,1418675,4935867,25,62
6/30/2023,2380002,806626,55908635,1458298,85561112,22414802,902416,3513313,19,60
7/3/2023,2698002,586188,57487345,1476840,87909699,20443031,1311004,4042726,19,103
7/5/2023,2539439,504748,59683910,1105228,91255948,29479276,1278533,4834434,11,65
7/6/2023,2968911,717841,50570451,1426346,80258517,26444345,1267344,4117063,18,57
7/7/2023,2590978,640507,58408424,1707116,89745741,22790373,1110925,3148694,26,153
7/10/2023,2528787,765853,50967344,1884056,86428540,23916643,1475024,3123853,20,108
7/11/2023,2530583,623961,52412149,1681652,80705475,27061183,1020701,4363837,19,106
7/12/2023,2907317,530355,55398869,1898217,95560243,23287058,979687,3235062,26,89
7/13/2023,2388215,686843,53352252,1520547,91177498,25510493,1130634,4500186,13,179
7/14/2023,,951015,53732839,,84338843,20290998,1449971,3233077,25,143
7/17/2023,2798615,906332,59427504,1069274,80424226,24855920,1196507,3887516,29,187
7/18/2023,2422515,656542,57022336,1133541,92056199,21828022,1109940,4072358,24,93
7/19/2023,2668234,673416,55768927,1053947,95843433,26367712,965972,4558068,14,188
7/20/2023,2378480,805062,52878604,1677894,84117923,21409854,816656,4863462,15,129
7/21/2023,2032711,814368,54327858,1194692,86303745,27997043,717087,4902912,26,130
7/24/2023,2791971,539298,57433533,1048874,80698956,20181360,993481,3654224,10,51
7/25/2023,,2527089,58652831,,92290137,22444026,836554,4457384,28,189
7/26/2023,2184423,561629,55984684,1074553,86278602,22515419,1185757,3153245,13,164
7/27/2023,2978771,828184,52694287,1592632,86143326,25532410,882024,4999284,26,139
7/28/2023,2516349,992734,56511634,1835570,80175211,24138286,836535,4170834,18,72
7/31/2023,,730907,54621056,,87519817,29679818,1467524,4684532,11,195
8/1/2023,2912495,790160,58976973,1571926,92481574,28333100,1294736,3454418,17,111
8/2/2023,2657917,523960,50703662,1078249,87412620,26893728,1228936,4531192,24,162
8/3/2023,2824792,795735,51305585,1892297,98660592,23584197,1092720,4434904,16,177
8/4/2023,2737378,713920,54092097,1527007,95848375,20311955,995767,4555157,15,111
8/7/2023,,865477,52659440,,88544291,22127599,1152372,4472542,10,87
8/8/2023,2767836,742804,59988209,1470452,91392083,24933594,735634,3278710,24,110
8/9/2023,2986001,876965,53943645,1429725,84730741,29953678,1076742,3662550,16,178
8/10/2023,2702335,960857,54495013,1042534,85605126,24835451,1011478,4006111,26,198
8/11/2023,2807789,2395617,56094467,2991036,93952821,24382794,1246342,3562621,11,171
8/14/2023,2643409,629695,59623424,1616529,94394752,27323494,1294316,4432649,18,159
8/15/2023,2077505,915916,55517366,1412003,98683255,26699144,1246495,4784841,18,62
8/16/2023,2002869,796764,53448678,1126209,93149868,24698713,1173866,3613859,22,149
8/17/2023,2781474,734286,59515807,1442061,81455465,27867791,1455181,4168839,15,184
8/18/2023,2454351,628148,55211593,1189004,92581422,23790328,1305842,4967669,15,71
8/21/2023,2312252,782703,58370262,1616412,91098252,25289730,1376746,4598099,29,123
8/22/2023,2636584,986261,54846769,1615947,80211830,24437610,1307564,3000159,29,181
8/23/2023,2618467,855540,57449607,1164134,85987029,23239536,1014925,4716081,12,72
8/24/2023,2090272,692714,54043064,1075713,86516616,22326133,1408140,3998413,26,168
8/25/2023,2038467,707611,52602967,1742623,84755976,27948140,892512,4211569,26,119
8/28/2023,2809760,783876,53438550,1488972,86897673,25720626,1232498,3367003,21,133
8/29/2023,2877844,759747,50076218,1977965,92448727,26221714,1268651,4195885,25,150
8/30/2023,2480047,591362,56878974,1075418,86002296,26374825,1466535,4156083,24,133
8/31/2023,2659347,923570,50770044,1984176,96852604,25005858,1302567,4974324,22,77
9/1/2023,2058871,775987,55579079,1128232,86810183,27028722,891420,4063319,10,185
9/5/2023,2939903,614065,53185714,1952336,98552983,28221252,1410644,4801038,26,50
9/6/2023,2128391,833870,51728096,1520551,87983823,28975708,1200844,4094677,12,112
9/7/2023,2439430,517640,58736347,1163038,88373296,23415871,903196,4291293,24,71
9/8/2023,2610704,552528,58860935,1990049,90718361,21877971,899919,3645822,13,119
9/11/2023,2856703,800557,57667105,1930491,85877809,27997488,1115648,4394947,13,174
9/12/2023,2830496,759214,52694946,1168383,89886226,26814612,957324,4279180,27,198
9/13/2023,,814782,54229215,,88002619,24963401,1419449,4236026,26,145
9/14/2023,2725451,945952,51922135,1325996,94978249,22866757,1454651,4906134,28,128
9/15/2023,2107450,610133,57021855,1258722,87667857,29725529,1358681,4891079,20,54
9/18/2023,,868501,50978039,,84428690,25913318,1130599,4775057,29,109
9/19/2023,2438741,699938,59288493,1202053,85439433,26741286,1075960,3336907,12,169
9/20/2023,2281974,650159,58997354,1600530,88889782,21577969,1434042,3487030,17,95
9/21/2023,2934933,672502,57352207,1178589,82881777,23651387,1347341,4808286,23,183
9/22/2023,2400109,655576,50499876,1503238,99526212,21711672,1172406,3405453,10,105
9/25/2023,2116381,900330,51962165,1029257,96972462,25905950,883965,3671009,23,159
9/26/2023,2473125,841003,57985620,1480488,83696176,23212883,866892,3168785,11,153
9/27/2023,,861801,50611213,,90732002,23028631,834832,3204535,13,126
9/28/2023,2134508,904191,50768734,1144353,88899691,27232212,853262,3700769,28,195
9/29/2023,2729650,511023,57750575,1323390,94697697,26423959,767411,3179838,15,51
10/2/2023,2862645,521447,54241361,1263579,97789600,26984297,985521,3570442,10,57
10/3/2023,2399111,983685,55511174,1229947,97644180,24024733,1139953,3269160,26,124
10/4/2023,2150810,888043,51839433,1231758,88437712,24859221,738211,3472779,17,174
10/5/2023,2292890,786103,56569632,1615645,80863663,29802630,913981,3441904,28,87
10/6/2023,2573665,566203,53672214,1157732,85783182,23801250,965888,3876110,10,76
10/10/2023,2965908,881300,52026580,1922588,95821218,29340854,1480926,3898488,14,69
10/11/2023,2840477,1982325,57229039,3999402,93147590,20019675,987139,3578526,25,189
10/12/2023,2360032,509337,57507324,1931011,81206861,28462605,1372337,3320752,15,92
10/13/2023,2957294,546427,56202258,1727955,83119612,29356169,1453298,4661945,17,80
10/16/2023,2369599,823673,54339235,1608095,96179640,20486799,1258830,4296220,22,140
10/17/2023,,864167,59880860,,99668221,26810805,710651,4997977,25,110
10/18/2023,2750020,846809,53526737,1902385,84936600,22238057,799239,3837393,12,158
10/19/2023,2879611,605787,58790529,1138563,94648065,24464344,1450704,4248351,28,140
10/20/2023,2171836,662993,52008960,1783066,84736319,20566088,1137625,3962261,21,144
10/23/2023,2729903,795451,54455214,1506047,95578914,26558947,855378,4861925,25,192
10/24/2023,2045714,920571,58476563,1705552,94160134,20658003,850158,3940240,20,193
10/25/2023,2974339,996484,56918889,1997899,97034897,20805113,1107592,3814422,19,62
10/26/2023,2627234,627016,53816446,1910229,82054780,29322004,1023494,4111127,29,162
10/27/2023,2896048,766979,53376513,1326032,80842186,25028035,1033569,3734983,13,84
10/30/2023,2630271,520159,51937878,1597897,94578363,24034464,1196574,4726376,21,198
10/31/2023,2466960,997562,56193956,1795509,90939922,29992154,1129852,3166277,11,97
11/1/2023,2711851,678677,51705215,1772800,87116355,22092101,1144865,4038660,28,84
11/2/2023,2124123,883934,55437149,1253973,85538917,25995134,1127826,3080811,14,135
11/3/2023,2936093,867760,57271476,1283097,81124905,29844689,1365418,3779128,17,163
11/6/2023,2305628,931304,56429611,1994423,83105958,28503967,955948,3841535,16,149
11/7/2023,2082989,840896,53266402,1376826,85559277,26208714,1221481,4512604,23,148
11/8/2023,2298356,817428,58121849,1514257,95315296,26762126,1171249,3959131,12,52
11/9/2023,2829957,819187,58104789,1854321,88593059,26342057,764200,4416842,27,134
11/13/2023,2178274,666619,54108880,1679181,98757506,23541483,805848,3234104,25,174
11/14/2023,2687995,859151,55499593,1430783,91812936,21512760,806022,4591872,28,187
11/15/2023,2325352,582844,54261946,1115374,93138567,29851044,1401979,3202346,28,132
11/16/2023,,527532,50090093,,80403322,23557689,1112755,4605266,27,74
11/17/2023,,665421,59944790,,94748072,21863236,1480741,3184456,29,117
11/20/2023,2789852,622402,51732465,1601763,94752304,27863426,762068,4832858,25,110
11/21/2023,2883184,618012,53173584,1484090,96055099,29988400,1170529,4447585,17,78
11/22/2023,2131373,938661,52859244,1873698,94952964,20450930,861445,4544619,10,176
11/24/2023,2438452,898929,50886040,1676787,84077716,27402324,1388514,3136643,26,68
11/27/2023,2115294,556178,50322918,1887164,90479153,27946232,837103,4538659,21,123
11/28/2023,2459451,549407,52245909,1289227,81908802,23498408,924605,4982289,20,110
11/29/2023,2971744,963556,50116739,1742406,87334901,25403252,903047,4162126,14,69
11/30/2023,,550990,59675193,,98325291,20091006,949768,3484146,21,97
12/1/2023,2065726,968888,59168924,1648074,97271164,24151785,1384029,3960652,26,136
12/4/2023,2141564,629473,59755461,1961568,96035897,20688725,794475,3091218,15,188
12/5/2023,2377812,958761,51014929,1532101,92132693,29177376,1210370,4181872,10,159
12/6/2023,2268246,978007,59955455,1031598,88383190,20206487,1226570,4548485,14,77
12/7/2023,,2460855,52420564,,94931115,26389308,1389984,4567343,23,108
12/8/2023,,917009,59868643,,95329893,23637820,1403798,4228343,14,182
12/11/2023,2740674,818714,58577064,1617394,93296848,23284321,920972,3907211,10,100
12/12/2023,2254079,726156,52653093,1289226,94143266,27018523,862777,4440434,27,198
12/13/2023,2550929,668964,53303457,1815673,97557857,20678841,1392797,4813924,25,61
12/14/2023,2689944,501015,55888997,1227286,84466134,25420712,908944,4288592,18,99
12/15/2023,2688105,561813,56944121,1437785,98331421,23452501,1343294,3032441,28,181
12/18/2023,2513758,1583136,56238795,2023490,90093205,28433840,936440,4286614,14,162
12/19/2023,2940597,600497,54767348,1812461,92154297,22445840,1428342,3694489,11,63
12/20/2023,2983609,901631,50716756,1144097,99328547,25451973,1012727,3755612,24,81
12/21/2023,2365890,742926,58439834,1232732,83127748,21379904,707461,4897376,16,188
12/22/2023,2445101,612816,56790968,1909827,94722892,27353172,1324411,4664986,13,195
12/26/2023,2036631,628778,53751198,1669648,89223644,21437188,1496948,3044760,10,104
12/27/2023,2766577,562292,57369434,1613474,90758430,21656321,1172501,4047159,22,169
12/28/2023,2072991,785977,53138145,1924044,99661007,20538645,848586,3285622,29,124
12/29/2023,2004014,1905690,51226476,3768400,93863529,29960559,1083395,4962889,16,70
2/7/2023,2416880,678031,50345266,1061665,83646804,23223522,837888,3485662,27,56
2/22/2022,2421909,768799,57102173,1416366,82442266,27323988,1225069,3999430,14,90
3/17/2022,2953277,680798,52453752,1700780,94467188,24952075,741971,4816030,16,119
10/17/2022,,863186,55347417,,81960826,23889877,886368,4461387,21,81
5/10/2023,2477095,539081,52002324,1997703,84828426,21935090,1253091,3362462,14,140
9/15/2023,2107450,610133,57021855,1258722,87667857,29725529,1358681,4891079,20,54
10/5/2022,2253618,690347,58386180,1750865,92122948,28692832,962299,3694335,10,110
11/14/2022,2371369,600386,58767500,1143748,84577033,23764455,750939,4763947,26,167
3/13/2023,2480671,639407,55525633,1942929,91319247,28706483,735292,4790008,21,157
11/28/2022,2025939,707869,52719269,1165873,95275987,29596394,846295,3597093,17,95
11/9/2023,2829957,819187,58104789,1854321,88593059,26342057,764200,4416842,27,134
12/6/2023,2268246,978007,59955455,1031598,88383190,20206487,1226570,4548485,14,77
3/18/2022,2905778,626141,59752741,1563178,98581889,23898606,718658,3929242,13,149
1/3/2022,2121958,773237,55001045,1572212,95404302,23496605,811672,3494178,24,128
11/20/2023,2789852,622402,51732465,1601763,94752304,27863426,762068,4832858,25,110
11/1/2023,2711851,678677,51705215,1772800,87116355,22092101,1144865,4038660,28,84
6/28/2022,2742139,906716,55914988,1856774,92735272,21619715,1496184,3167647,17,131
9/13/2023,,814782,54229215,,88002619,24963401,1419449,4236026,26,145
10/20/2023,2171836,662993,52008960,1783066,84736319,20566088,1137625,3962261,21,144
3/3/2023,2513153,551934,55397662,1554736,96040922,21265898,1068252,4022145,18,169
8/23/2022,,866329,50421240,,82229180,21551330,921373,3842210,23,53
5/4/2022,2106530,736175,51910705,1331770,98827165,29454531,973260,3833525,20,123
1/18/2023,2879989,561476,52562469,1810694,83138744,25418952,1141416,4241968,26,142
3/23/2023,2811774,737027,58204298,1793719,82627144,22164412,1160244,4478768,14,106
